{"v":1,"name":"Porolog Fiware Pallet","folders":[],"requests":[{"v":"1","auth":{"authType":"none","authActive":true},"body":{"body":null,"contentType":null},"name":"List pallets","method":"GET","params":[{"key":"type","value":"Pallet","active":true}],"headers":[{"key":"Fiware-service","value":"openiot","active":true},{"key":"Fiware-servicepath","value":"/","active":true},{"key":"options","value":"keyValues","active":true}],"endpoint":"http://155.207.33.189:1026/v2/entities","testScript":"","preRequestScript":""},{"v":"1","auth":{"authType":"none","authActive":true},"body":{"body":"{\n  \"devices\": [\n    {\n      \"device_id\": \"Pallet1\",\n      \"entity_name\": \"urn:ngsi-ld:Pallet:1\",\n      \"entity_type\": \"Pallet\",\n      \"transport\": \"MQTT\",\n      \"dimensions\": {\n        \"type\": \"vector\",\n        \"value\": {\n          \"length\": 0,\n          \"width\": 0,\n          \"height\": 0\n        }\n      },\n      \"barcode\": {\n        \"type\": \"string\",\n        \"value\": \"xxx\"\n      },\n      \"material\": {\n        \"type\": \"string\",\n        \"value\": \"\"\n      },\n      \"fragile\": {\n        \"type\": \"bool\",\n        \"value\": false\n      },\n      \"attributes\": [\n        {\n          \"object_id\": \"dimensions\",\n          \"name\": \"dimensions\",\n          \"type\": \"vector\"\n        },\n        {\n          \"object_id\": \"barcode\",\n          \"name\": \"barcode\",\n          \"type\": \"string\"\n        },\n        {\n          \"object_id\": \"material\",\n          \"name\": \"material\",\n          \"type\": \"string\"\n        },\n        {\n          \"object_id\": \"fragile\",\n          \"name\": \"fragile\",\n          \"type\": \"bool\"\n        }\n      ],\n      \"static_attributes\": []\n    }\n  ]\n}","contentType":"application/json"},"name":"Insert pallet","method":"POST","params":[],"headers":[{"key":"Fiware-service","value":"openiot","active":true},{"key":"Fiware-servicepath","value":"/","active":true},{"key":"Cache-Control","value":"no-cache","active":true},{"key":"Content-Type","value":"application/json","active":true}],"endpoint":"http://155.207.33.189:4041/iot/devices","testScript":"","preRequestScript":""},{"v":"1","auth":{"authType":"none","authActive":true},"body":{"body":null,"contentType":null},"name":"Delete pallet","method":"DELETE","params":[{"key":"type","value":"Pallet","active":true}],"headers":[{"key":"Fiware-service","value":"openiot","active":true},{"key":"Fiware-servicepath","value":"/","active":true},{"key":"Cache-Control","value":"no-cache","active":false},{"key":"Content-Type","value":"application/json","active":false}],"endpoint":"http://155.207.33.189:1026/v2/entities/urn:ngsi-ld:Pallet:3","testScript":"","preRequestScript":""},{"v":"1","auth":{"authType":"none","authActive":true},"body":{"body":"{\n  \"actionType\":\"APPEND\",\n  \"entities\":[\n    {\n      \"id\":\"urn:ngsi-ld:Pallet:1\", \"type\":\"Pallet\",\n      \"refSlot\": {\n        \"type\": \"Relationship\",\n        \"value\": \"urn:ngsi-ld:Slot:2\"\n      }\n    }\n  ]\n}","contentType":"application/json"},"name":"Pallet - Slot link","method":"POST","params":[],"headers":[{"key":"Fiware-service","value":"openiot","active":true},{"key":"Fiware-servicepath","value":"/","active":true},{"key":"Content-Type","value":"application/json","active":true}],"endpoint":"http://155.207.33.189:1026/v2/op/update","testScript":"","preRequestScript":""},{"v":"1","auth":{"authType":"none","authActive":true},"body":{"body":null,"contentType":null},"name":"Pallets in a slot","method":"GET","params":[{"key":"type","value":"Pallet","active":true},{"key":"q","value":"refSlot==urn:ngsi-ld:Slot:2","active":true},{"key":"options","value":"keyValues","active":true}],"headers":[{"key":"Fiware-service","value":"openiot","active":true},{"key":"Fiware-servicepath","value":"/","active":true}],"endpoint":"http://155.207.33.189:1026/v2/entities","testScript":"","preRequestScript":""}]}