{"v":1,"name":"Porolog Fiware Rack","folders":[],"requests":[{"v":"1","auth":{"authType":"none","authActive":true},"body":{"body":null,"contentType":null},"name":"List racks","method":"GET","params":[{"key":"type","value":"Rack","active":true}],"headers":[{"key":"Fiware-service","value":"openiot","active":true},{"key":"Fiware-servicepath","value":"/","active":true},{"key":"options","value":"keyValues","active":true}],"endpoint":"http://155.207.33.189:1026/v2/entities","testScript":"","preRequestScript":""},{"v":"1","auth":{"authType":"none","authActive":true},"body":{"body":null,"contentType":null},"name":"Delete rack","method":"DELETE","params":[{"key":"type","value":"Rack","active":true}],"headers":[{"key":"Fiware-service","value":"openiot","active":true},{"key":"Fiware-servicepath","value":"/","active":true},{"key":"Cache-Control","value":"no-cache","active":false},{"key":"Content-Type","value":"application/json","active":false}],"endpoint":"http://155.207.33.189:1026/v2/entities/urn:ngsi-ld:Rack:4","testScript":"","preRequestScript":""},{"v":"1","auth":{"authType":"none","authActive":true},"body":{"body":"{\n  \"devices\": [\n    {\n      \"device_id\": \"Rack4\",\n      \"entity_name\": \"urn:ngsi-ld:Rack:4\",\n      \"entity_type\": \"Rack\",\n      \"transport\": \"MQTT\",\n      \"maxPayload\": {\n        \"type\": \"number\",\n        \"value\": 300\n      },\n      \"dimensions\": {\n        \"type\": \"vector\",\n        \"value\": {\n          \"length\": 3,\n          \"width\": 1.5,\n          \"height\": 0.8,\n          \"orientation\": 0\n        }\n      },\n      \"origin\": {\n        \"type\": \"vector\",\n        \"value\": {\n          \"x\": 1.2,\n          \"y\": 0.6\n        }\n      },\n      \"attributes\": [\n          {\"object_id\": \"maxPayload\", \"name\": \"maxPayload\", \"type\": \"number\"}, \n          {\"object_id\": \"dimensions\", \"name\": \"dimensions\", \"type\": \"vector\"}, \n          {\"object_id\": \"origin\", \"name\": \"origin\", \"type\": \"vector\"}\n      ], \n      \"static_attributes\": []\n    }\n  ]\n}","contentType":"application/json"},"name":"Insert rack","method":"POST","params":[],"headers":[{"key":"Fiware-service","value":"openiot","active":true},{"key":"Fiware-servicepath","value":"/","active":true},{"key":"Cache-Control","value":"no-cache","active":true},{"key":"Content-Type","value":"application/json","active":true}],"endpoint":"http://155.207.33.189:4041/iot/devices","testScript":"","preRequestScript":""},{"v":"1","auth":{"authType":"none","authActive":true},"body":{"body":"{\n  \"actionType\":\"APPEND\",\n  \"entities\":[\n    {\n      \"id\":\"urn:ngsi-ld:Rack:4\", \"type\":\"Rack\",\n      \"refRoom\": {\n        \"type\": \"Relationship\",\n        \"value\": \"urn:ngsi-ld:Room:2\"\n      }\n    }\n  ]\n}","contentType":"application/json"},"name":"Room - Rack link","method":"POST","params":[],"headers":[{"key":"Fiware-service","value":"openiot","active":true},{"key":"Fiware-servicepath","value":"/","active":true},{"key":"Content-Type","value":"application/json","active":true}],"endpoint":"http://155.207.33.189:1026/v2/op/update","testScript":"","preRequestScript":""},{"v":"1","auth":{"authType":"none","authActive":true},"body":{"body":null,"contentType":null},"name":"Racks of a room","method":"GET","params":[{"key":"type","value":"Rack","active":true},{"key":"q","value":"refRoom==urn:ngsi-ld:Room:1","active":true},{"key":"options","value":"keyValues","active":true}],"headers":[{"key":"Fiware-service","value":"openiot","active":true},{"key":"Fiware-servicepath","value":"/","active":true}],"endpoint":"http://155.207.33.189:1026/v2/entities","testScript":"","preRequestScript":""}]}