{"v":1,"name":"Porolog Fiware Warehouse","folders":[],"requests":[{"v":"1","auth":{"authType":"none","authActive":true},"body":{"body":"{\n    \"id\": \"urn:ngsi-ld:Warehouse:1\",\n    \"type\": \"Warehouse\",\n    \"name\": {\n        \"type\": \"string\",\n        \"value\": \"Bleujour\"\n    },\n    \"georeference\": {\n        \"type\": \"vector\",\n        \"value\": {\n            \"longitude\": 43.5746458,\n            \"lattitude\": 1.4514467\n        },\n        \"metadata\": {\n            \"address\": {\n                \"type\": \"postalAddress\",\n                \"value\": {\n                    \"streetAddress\": \"37 Av. Jules Julien\",\n                    \"addressRegion\": \"Toulouse, France\",\n                    \"addressLocality\": \"-\",\n                    \"postalCode\": \"31400\" \n                }\n            }\n        }\n    },\n    \"blueprint\": {\n        \"type\": \"string\",\n        \"value\": \"\"\n    },\n    \"dimensions\": {\n        \"type\": \"vector\",\n        \"value\": {\n            \"width\": 1000,\n            \"height\": 1000,\n            \"resolution\": 0.2\n        }\n    },\n    \"annotations\": {\n        \"type\": \"list\",\n        \"value\": [] \n    }\n}","contentType":"application/json"},"name":"Insert Warehouse","method":"POST","params":[],"headers":[{"key":"Fiware-service","value":"openiot","active":true},{"key":"Fiware-servicepath","value":"/","active":true},{"key":"Content-Type","value":"application/json","active":true}],"endpoint":"http://155.207.33.189:1026/v2/entities","testScript":"","preRequestScript":""},{"v":"1","auth":{"authType":"none","authActive":true},"body":{"body":null,"contentType":null},"name":"List Warehouses","method":"GET","params":[{"key":"type","value":"Warehouse","active":true},{"key":"options","value":"keyValues","active":true}],"headers":[{"key":"Fiware-service","value":"openiot","active":true},{"key":"Fiware-servicepath","value":"/","active":true}],"endpoint":"http://155.207.33.189:1026/v2/entities","testScript":"","preRequestScript":""},{"v":"1","auth":{"authType":"none","authActive":true},"body":{"body":null,"contentType":null},"name":"Delete Wareshouse","method":"DELETE","params":[{"key":"type","value":"Warehouse","active":true}],"headers":[{"key":"Fiware-service","value":"openiot","active":true},{"key":"Fiware-servicepath","value":"/","active":true},{"key":"Cache-Control","value":"no-cache","active":false},{"key":"Content-Type","value":"application/json","active":false}],"endpoint":"http://155.207.33.189:1026/v2/entities/urn:ngsi-ld:Warehouse:001","testScript":"","preRequestScript":""},{"v":"1","auth":{"authType":"none","authActive":true},"body":{"body":null,"contentType":null},"name":"Warehouse emptySpaces","method":"GET","params":[{"key":"type","value":"Warehouse","active":true},{"key":"attrs","value":"kpis","active":true},{"key":"options","value":"keyValues","active":false}],"headers":[{"key":"Fiware-service","value":"openiot","active":true},{"key":"Fiware-servicepath","value":"/","active":true}],"endpoint":"http://155.207.33.189:1026/v2/entities/urn:ngsi-ld:Warehouse:001/attrs","testScript":"","preRequestScript":""},{"v":"1","auth":{"authType":"none","authActive":true},"body":{"body":"{\n    \"kpis\": {\n        \"type\": \"vector\",\n        \"value\": {\n            \"emptySpaces\": 500\n        }\n    }\n}","contentType":"application/json"},"name":"Warehouse emptySpaces (update)","method":"POST","params":[],"headers":[{"key":"Fiware-service","value":"openiot","active":true},{"key":"Fiware-servicepath","value":"/","active":true},{"key":"Content-Type","value":"application/json","active":true}],"endpoint":"http://155.207.33.189:1026/v2/entities/urn:ngsi-ld:Warehouse:001/attrs","testScript":"","preRequestScript":""}]}