{"v":1,"name":"Porolog Fiware Shelf","folders":[],"requests":[{"v":"1","auth":{"authType":"none","authActive":true},"body":{"body":null,"contentType":null},"name":"List shelves","method":"GET","params":[{"key":"type","value":"Shelf","active":true}],"headers":[{"key":"Fiware-service","value":"openiot","active":true},{"key":"Fiware-servicepath","value":"/","active":true},{"key":"options","value":"keyValues","active":true}],"endpoint":"http://155.207.33.189:1026/v2/entities","testScript":"","preRequestScript":""},{"v":"1","auth":{"authType":"none","authActive":true},"body":{"body":null,"contentType":null},"name":"Delete shelf","method":"DELETE","params":[{"key":"type","value":"Shelf","active":true}],"headers":[{"key":"Fiware-service","value":"openiot","active":true},{"key":"Fiware-servicepath","value":"/","active":true},{"key":"Cache-Control","value":"no-cache","active":false},{"key":"Content-Type","value":"application/json","active":false}],"endpoint":"http://155.207.33.189:1026/v2/entities/urn:ngsi-ld:Shelf:3","testScript":"","preRequestScript":""},{"v":"1","auth":{"authType":"none","authActive":true},"body":{"body":"{\n  \"devices\": [\n    {\n      \"device_id\": \"Shelf3\",\n      \"entity_name\": \"urn:ngsi-ld:Shelf:3\",\n      \"entity_type\": \"Shelf\",\n      \"transport\": \"MQTT\",\n      \"altitude\": {\n        \"type\": \"number\",\n        \"value\": 2.5\n      },\n      \"surfaceNature\": {\n        \"type\": \"string\",\n        \"value\": \"\"\n      },\n      \"attributes\": [\n        {\n          \"object_id\": \"altitude\",\n          \"name\": \"altitude\",\n          \"type\": \"number\"\n        },\n        {\n          \"object_id\": \"surfaceNature\",\n          \"name\": \"surfaceNature\",\n          \"type\": \"string\"\n        }\n      ],\n      \"static_attributes\": []\n    }\n  ]\n}","contentType":"application/json"},"name":"Insert shelf","method":"POST","params":[],"headers":[{"key":"Fiware-service","value":"openiot","active":true},{"key":"Fiware-servicepath","value":"/","active":true},{"key":"Cache-Control","value":"no-cache","active":true},{"key":"Content-Type","value":"application/json","active":true}],"endpoint":"http://155.207.33.189:4041/iot/devices","testScript":"","preRequestScript":""},{"v":"1","auth":{"authType":"none","authActive":true},"body":{"body":null,"contentType":null},"name":"Shelves of a rack","method":"GET","params":[{"key":"type","value":"Shelf","active":true},{"key":"q","value":"refRack==urn:ngsi-ld:Rack:4","active":true},{"key":"options","value":"keyValues","active":true}],"headers":[{"key":"Fiware-service","value":"openiot","active":true},{"key":"Fiware-servicepath","value":"/","active":true}],"endpoint":"http://155.207.33.189:1026/v2/entities","testScript":"","preRequestScript":""},{"v":"1","auth":{"authType":"none","authActive":true},"body":{"body":"{\n  \"actionType\":\"APPEND\",\n  \"entities\":[\n    {\n      \"id\":\"urn:ngsi-ld:Shelf:2\", \"type\":\"Shelf\",\n      \"refRack\": {\n        \"type\": \"Relationship\",\n        \"value\": \"urn:ngsi-ld:Rack:4\"\n      }\n    }\n  ]\n}","contentType":"application/json"},"name":"Shelf - Rack link","method":"POST","params":[],"headers":[{"key":"Fiware-service","value":"openiot","active":true},{"key":"Fiware-servicepath","value":"/","active":true},{"key":"Content-Type","value":"application/json","active":true}],"endpoint":"http://155.207.33.189:1026/v2/op/update","testScript":"","preRequestScript":""}]}