{"v":1,"name":"Porolog Fiware Robot","folders":[],"requests":[{"v":"1","auth":{"authType":"none","authActive":true},"body":{"body":"{\n    \"devices\": [\n        {\n            \"device_id\": \"Robot2\",\n            \"entity_name\": \"urn:ngsi-ld:Robot:2\",\n            \"entity_type\": \"Robot\",\n            \"transport\": \"MQTT\",\n            \"pose\": {\n                \"type\": \"pose\",\n                \"x\": 0.0,\n                \"y\": 0.0, \n                \"z\": 0.0\n            },\n            \"path\": {\n                \"type\": \"list\", \n                \"points\": []\n            },\n            \"target\": {\n                \"type\": \"point\", \n                \"x\": 0.0,\n                \"y\": 0.0\n            }, \n            \"targetProduct\": {\n                \"type\": \"productID\", \n                \"val\": \"\"\n            },\n            \"velocities\": {\n                \"type\": \"vector2d\", \n                \"linear\": 0.0,\n                \"angular\": 0.0\n            },\n            \"state\": {\n                \"type\": \"enum\", \n                \"val\": \"IDLE\"\n            },\n            \"power\": {\n                \"type\": \"float\", \n                \"percentage\": 0.0\n            },\n            \"heartbeat\": {\n                \"type\": \"bool\", \n                \"val\": true\n            },\n            \"logs\": {\n                \"type\": \"string\", \n                \"val\": \"\"\n            },\n            \"image\": {\n                \"type\": \"string\", \n                \"val\": \"\"\n            },\n            \"attributes\": [\n                {\"object_id\": \"pose\", \"name\": \"pose\", \"type\": \"pose\"}, \n                {\"object_id\": \"path\", \"name\": \"path\", \"type\": \"list\"}, \n                {\"object_id\": \"target\", \"name\": \"target\", \"type\": \"point\"}, \n                {\"object_id\": \"targetProduct\", \"name\": \"targetProduct\", \"type\": \"productID\"}, \n                {\"object_id\": \"velocities\", \"name\": \"velocities\", \"type\": \"vector2d\"}, \n                {\"object_id\": \"state\", \"name\": \"state\", \"type\": \"enum\"},\n                {\"object_id\": \"power\", \"name\": \"power\", \"type\": \"float\"}, \n                {\"object_id\": \"heartbeat\", \"name\": \"heartbeat\", \"type\": \"bool\"}, \n                {\"object_id\": \"logs\", \"name\": \"logs\", \"type\": \"string\"},\n                {\"object_id\": \"image\", \"name\": \"image\", \"type\": \"string\"}\n            ], \n            \"static_attributes\": []\n        }\n    ]\n}","contentType":"application/json"},"name":"Insert robot","method":"POST","params":[],"headers":[{"key":"Fiware-service","value":"openiot","active":true},{"key":"Fiware-servicepath","value":"/","active":true},{"key":"Cache-Control","value":"no-cache","active":true},{"key":"Content-Type","value":"application/json","active":true}],"endpoint":"http://155.207.33.189:4041/iot/devices","testScript":"","preRequestScript":""},{"v":"1","auth":{"authType":"none","authActive":true},"body":{"body":null,"contentType":null},"name":"List robots","method":"GET","params":[{"key":"type","value":"Robot","active":true}],"headers":[{"key":"Fiware-service","value":"openiot","active":true},{"key":"Fiware-servicepath","value":"/","active":true},{"key":"options","value":"keyValues","active":true}],"endpoint":"http://155.207.33.189:1026/v2/entities","testScript":"","preRequestScript":""},{"v":"1","auth":{"authType":"none","authActive":true},"body":{"body":null,"contentType":null},"name":"Delete robot entity","method":"DELETE","params":[{"key":"type","value":"Robot","active":true}],"headers":[{"key":"Fiware-service","value":"openiot","active":true},{"key":"Fiware-servicepath","value":"/","active":true},{"key":"Cache-Control","value":"no-cache","active":false},{"key":"Content-Type","value":"application/json","active":false}],"endpoint":"http://155.207.33.189:1026/v2/entities/urn:ngsi-ld:Robot:002","testScript":"","preRequestScript":""},{"v":"1","auth":{"authType":"none","authActive":true},"body":{"body":"","contentType":"text/plain"},"name":"Delete robot device","method":"DELETE","params":[],"headers":[{"key":"Fiware-service","value":"openiot","active":true},{"key":"Fiware-servicepath","value":"/","active":true}],"endpoint":"http://155.207.33.189:4041/iot/devices/Robot100","testScript":"","preRequestScript":""},{"v":"1","auth":{"authType":"none","authActive":true},"body":{"body":null,"contentType":null},"name":"Robot pose","method":"GET","params":[{"key":"type","value":"Robot","active":true},{"key":"attrs","value":"pose","active":true},{"key":"options","value":"keyValues","active":true}],"headers":[{"key":"Fiware-service","value":"openiot","active":true},{"key":"Fiware-servicepath","value":"/","active":true}],"endpoint":"http://155.207.33.189:1026/v2/entities","testScript":"","preRequestScript":""},{"v":"1","auth":{"authType":"none","authActive":true},"body":{"body":"{\n    \"pose\": {\n        \"type\": \"pose\",\n        \"value\": {\n            \"x\": 1.0,\n            \"y\": 2.0,\n            \"th\": 90.0\n        }\n    }\n}","contentType":"application/json"},"name":"Robot pose (update)","method":"POST","params":[],"headers":[{"key":"Fiware-service","value":"openiot","active":true},{"key":"Fiware-servicepath","value":"/","active":true},{"key":"Content-Type","value":"application/json","active":true}],"endpoint":"http://155.207.33.189:1026/v2/entities/urn:ngsi-ld:Robot:100/attrs","testScript":"","preRequestScript":""},{"v":"1","auth":{"authType":"none","authActive":true},"body":{"body":null,"contentType":null},"name":"Robot path","method":"GET","params":[{"key":"type","value":"Robot","active":true},{"key":"attrs","value":"path","active":true},{"key":"options","value":"keyValues","active":true}],"headers":[{"key":"Fiware-service","value":"openiot","active":true},{"key":"Fiware-servicepath","value":"/","active":true}],"endpoint":"http://155.207.33.189:1026/v2/entities","testScript":"","preRequestScript":""},{"v":"1","auth":{"authType":"none","authActive":true},"body":{"body":"{\n    \"path\": {\n        \"type\": \"list\",\n        \"value\": {\n            \"points\": [\n                [1, 1],\n                [2, 2],\n                [3, 3],\n                [4, 4],\n                [5, 5],\n                [6, 6],\n                [7, 7],\n                [8, 8],\n                [9, 9]\n            ]\n        }\n    }\n}","contentType":"application/json"},"name":"Robot path (update)","method":"POST","params":[],"headers":[{"key":"Fiware-service","value":"openiot","active":true},{"key":"Fiware-servicepath","value":"/","active":true},{"key":"Content-Type","value":"application/json","active":true}],"endpoint":"http://155.207.33.189:1026/v2/entities/urn:ngsi-ld:Robot:100/attrs","testScript":"","preRequestScript":""},{"v":"1","auth":{"authType":"none","authActive":true},"body":{"body":null,"contentType":null},"name":"Robot target","method":"GET","params":[{"key":"type","value":"Robot","active":true},{"key":"attrs","value":"target","active":true},{"key":"options","value":"keyValues","active":false}],"headers":[{"key":"Fiware-service","value":"openiot","active":true},{"key":"Fiware-servicepath","value":"/","active":true}],"endpoint":"http://155.207.33.189:1026/v2/entities","testScript":"","preRequestScript":""},{"v":"1","auth":{"authType":"none","authActive":true},"body":{"body":"{\n    \"target\": {\n        \"type\": \"point\",\n        \"value\": {\n            \"x\": 1.0,\n            \"y\": 2.0\n        }\n    }\n}","contentType":"application/json"},"name":"Robot target (update)","method":"POST","params":[],"headers":[{"key":"Fiware-service","value":"openiot","active":true},{"key":"Fiware-servicepath","value":"/","active":true},{"key":"Content-Type","value":"application/json","active":true}],"endpoint":"http://155.207.33.189:1026/v2/entities/urn:ngsi-ld:Robot:100/attrs","testScript":"","preRequestScript":""},{"v":"1","auth":{"authType":"none","authActive":true},"body":{"body":null,"contentType":null},"name":"Robot targetProduct","method":"GET","params":[{"key":"type","value":"Robot","active":true},{"key":"attrs","value":"targetProduct","active":true},{"key":"options","value":"keyValues","active":false}],"headers":[{"key":"Fiware-service","value":"openiot","active":true},{"key":"Fiware-servicepath","value":"/","active":true}],"endpoint":"http://155.207.33.189:1026/v2/entities","testScript":"","preRequestScript":""},{"v":"1","auth":{"authType":"none","authActive":true},"body":{"body":"{\n    \"targetProduct\": {\n        \"type\": \"productID\",\n        \"value\": {\n            \"val\": \"Product-001\"\n        }\n    }\n}","contentType":"application/json"},"name":"Robot targetProduct (update)","method":"POST","params":[],"headers":[{"key":"Fiware-service","value":"openiot","active":true},{"key":"Fiware-servicepath","value":"/","active":true},{"key":"Content-Type","value":"application/json","active":true}],"endpoint":"http://155.207.33.189:1026/v2/entities/urn:ngsi-ld:Robot:100/attrs","testScript":"","preRequestScript":""},{"v":"1","auth":{"authType":"none","authActive":true},"body":{"body":null,"contentType":null},"name":"Robot velocities","method":"GET","params":[{"key":"type","value":"Robot","active":true},{"key":"attrs","value":"velocities","active":true},{"key":"options","value":"keyValues","active":false}],"headers":[{"key":"Fiware-service","value":"openiot","active":true},{"key":"Fiware-servicepath","value":"/","active":true}],"endpoint":"http://155.207.33.189:1026/v2/entities","testScript":"","preRequestScript":""},{"v":"1","auth":{"authType":"none","authActive":true},"body":{"body":"{\n    \"velocities\": {\n        \"type\": \"vector2d\",\n        \"value\": {\n            \"linear\": 10.0,\n            \"angular\": 10.0\n        }\n    }\n}","contentType":"application/json"},"name":"Robot velocities (update)","method":"POST","params":[],"headers":[{"key":"Fiware-service","value":"openiot","active":true},{"key":"Fiware-servicepath","value":"/","active":true},{"key":"Content-Type","value":"application/json","active":true}],"endpoint":"http://155.207.33.189:1026/v2/entities/urn:ngsi-ld:Robot:100/attrs","testScript":"","preRequestScript":""},{"v":"1","auth":{"authType":"none","authActive":true},"body":{"body":null,"contentType":null},"name":"Robot state","method":"GET","params":[{"key":"type","value":"Robot","active":true},{"key":"attrs","value":"state","active":true},{"key":"options","value":"keyValues","active":false}],"headers":[{"key":"Fiware-service","value":"openiot","active":true},{"key":"Fiware-servicepath","value":"/","active":true}],"endpoint":"http://155.207.33.189:1026/v2/entities","testScript":"","preRequestScript":""},{"v":"1","auth":{"authType":"none","authActive":true},"body":{"body":"{\n    \"state\": {\n        \"type\": \"enum\",\n        \"value\": {\n            \"val\": \"IDLE\"\n        }\n    }\n}","contentType":"application/json"},"name":"Robot state (update)","method":"POST","params":[],"headers":[{"key":"Fiware-service","value":"openiot","active":true},{"key":"Fiware-servicepath","value":"/","active":true},{"key":"Content-Type","value":"application/json","active":true}],"endpoint":"http://155.207.33.189:1026/v2/entities/urn:ngsi-ld:Robot:100/attrs","testScript":"","preRequestScript":""},{"v":"1","auth":{"authType":"none","authActive":true},"body":{"body":null,"contentType":null},"name":"Robot power","method":"GET","params":[{"key":"type","value":"Robot","active":true},{"key":"attrs","value":"power","active":true},{"key":"options","value":"keyValues","active":false}],"headers":[{"key":"Fiware-service","value":"openiot","active":true},{"key":"Fiware-servicepath","value":"/","active":true}],"endpoint":"http://155.207.33.189:1026/v2/entities","testScript":"","preRequestScript":""},{"v":"1","auth":{"authType":"none","authActive":true},"body":{"body":"{\n    \"power\": {\n        \"type\": \"float\",\n        \"value\": {\n            \"percentage\": 1.0\n        }\n    }\n}","contentType":"application/json"},"name":"Robot power (update)","method":"POST","params":[],"headers":[{"key":"Fiware-service","value":"openiot","active":true},{"key":"Fiware-servicepath","value":"/","active":true},{"key":"Content-Type","value":"application/json","active":true}],"endpoint":"http://155.207.33.189:1026/v2/entities/urn:ngsi-ld:Robot:100/attrs","testScript":"","preRequestScript":""},{"v":"1","auth":{"authType":"none","authActive":true},"body":{"body":null,"contentType":null},"name":"Robot heartbeat","method":"GET","params":[{"key":"type","value":"Robot","active":true},{"key":"attrs","value":"heartbeat","active":true},{"key":"options","value":"keyValues","active":false}],"headers":[{"key":"Fiware-service","value":"openiot","active":true},{"key":"Fiware-servicepath","value":"/","active":true}],"endpoint":"http://155.207.33.189:1026/v2/entities","testScript":"","preRequestScript":""},{"v":"1","auth":{"authType":"none","authActive":true},"body":{"body":"{\n    \"heartbeat\": {\n        \"type\": \"boolean\",\n        \"value\": {\n            \"val\": true\n        }\n    }\n}","contentType":"application/json"},"name":"Robot heartbeat (update)","method":"POST","params":[],"headers":[{"key":"Fiware-service","value":"openiot","active":true},{"key":"Fiware-servicepath","value":"/","active":true},{"key":"Content-Type","value":"application/json","active":true}],"endpoint":"http://155.207.33.189:1026/v2/entities/urn:ngsi-ld:Robot:100/attrs","testScript":"","preRequestScript":""},{"v":"1","auth":{"authType":"none","authActive":true},"body":{"body":null,"contentType":null},"name":"Robot logs","method":"GET","params":[{"key":"type","value":"Robot","active":true},{"key":"attrs","value":"logs","active":true},{"key":"options","value":"keyValues","active":false}],"headers":[{"key":"Fiware-service","value":"openiot","active":true},{"key":"Fiware-servicepath","value":"/","active":true}],"endpoint":"http://155.207.33.189:1026/v2/entities","testScript":"","preRequestScript":""},{"v":"1","auth":{"authType":"none","authActive":true},"body":{"body":"{\n    \"logs\": {\n        \"type\": \"string\",\n        \"value\": {\n            \"val\": \"I am a quite log!\"\n        }\n    }\n}","contentType":"application/json"},"name":"Robot logs (update)","method":"POST","params":[],"headers":[{"key":"Fiware-service","value":"openiot","active":true},{"key":"Fiware-servicepath","value":"/","active":true},{"key":"Content-Type","value":"application/json","active":true}],"endpoint":"http://155.207.33.189:1026/v2/entities/urn:ngsi-ld:Robot:100/attrs","testScript":"","preRequestScript":""},{"v":"1","auth":{"authType":"none","authActive":true},"body":{"body":null,"contentType":null},"name":"Robot image","method":"GET","params":[{"key":"type","value":"Robot","active":true},{"key":"attrs","value":"image","active":true},{"key":"options","value":"keyValues","active":false}],"headers":[{"key":"Fiware-service","value":"openiot","active":true},{"key":"Fiware-servicepath","value":"/","active":true}],"endpoint":"http://155.207.33.189:1026/v2/entities","testScript":"","preRequestScript":""},{"v":"1","auth":{"authType":"none","authActive":true},"body":{"body":"{\n    \"image\": {\n        \"type\": \"string\",\n        \"value\": {\n            \"val\": \"I am a base64 encoded image string\"\n        }\n    }\n}","contentType":"application/json"},"name":"Robot image (update)","method":"POST","params":[],"headers":[{"key":"Fiware-service","value":"openiot","active":true},{"key":"Fiware-servicepath","value":"/","active":true},{"key":"Content-Type","value":"application/json","active":true}],"endpoint":"http://155.207.33.189:1026/v2/entities/urn:ngsi-ld:Robot:100/attrs","testScript":"","preRequestScript":""},{"v":"1","auth":{"authType":"none","authActive":true},"body":{"body":null,"contentType":null},"name":"Robots of Warehouse","method":"GET","params":[{"key":"type","value":"Robot","active":true},{"key":"q","value":"refWarehouse==urn:ngsi-ld:Warehouse:1","active":true},{"key":"options","value":"keyValues","active":true}],"headers":[{"key":"Fiware-service","value":"openiot","active":true},{"key":"Fiware-servicepath","value":"/","active":true}],"endpoint":"http://155.207.33.189:1026/v2/entities","testScript":"","preRequestScript":""},{"v":"1","auth":{"authType":"none","authActive":true},"body":{"body":"{\n  \"actionType\":\"APPEND\",\n  \"entities\":[\n    {\n      \"id\":\"urn:ngsi-ld:Robot:2\", \"type\":\"Robot\",\n      \"refWarehouse\": {\n        \"type\": \"Relationship\",\n        \"value\": \"urn:ngsi-ld:Warehouse:1\"\n      }\n    }\n  ]\n}","contentType":"application/json"},"name":"Warehouse - Robot","method":"POST","params":[],"headers":[{"key":"Fiware-service","value":"openiot","active":true},{"key":"Fiware-servicepath","value":"/","active":true},{"key":"Content-Type","value":"application/json","active":true}],"endpoint":"http://155.207.33.189:1026/v2/op/update","testScript":"","preRequestScript":""}]}