{"v":1,"name":"Porolog Fiware Parcel","folders":[],"requests":[{"v":"1","auth":{"authType":"none","authActive":true},"body":{"body":null,"contentType":null},"name":"List parcels","method":"GET","params":[{"key":"type","value":"Parcel","active":true}],"headers":[{"key":"Fiware-service","value":"openiot","active":true},{"key":"Fiware-servicepath","value":"/","active":true},{"key":"options","value":"keyValues","active":true}],"endpoint":"http://155.207.33.189:1026/v2/entities","testScript":"","preRequestScript":""},{"v":"1","auth":{"authType":"none","authActive":true},"body":{"body":"{\n  \"devices\": [\n    {\n      \"device_id\": \"Parcel2\",\n      \"entity_name\": \"urn:ngsi-ld:Parcel:2\",\n      \"entity_type\": \"Parcel\",\n      \"transport\": \"MQTT\",\n      \"dimensions\": {\n        \"type\": \"vector\",\n        \"value\": {\n          \"length\": 0,\n          \"width\": 0,\n          \"height\": 0\n        }\n      },\n      \"sku\": {\n        \"type\": \"string\",\n        \"value\": \"xxx\"\n      },\n      \"manufacturer\": {\n        \"type\": \"string\",\n        \"value\": \"\"\n      },\n      \"manufDate\": {\n        \"type\": \"Date\",\n        \"value\": \"\"\n      },\n      \"content\": {\n        \"type\": \"string\",\n        \"value\": \"\"\n      },\n      \"mass\": {\n        \"type\": \"number\",\n        \"value\": 0\n      },\n      \"price\": {\n        \"type\": \"number\",\n        \"value\": 0\n      },\n      \"fragile\": {\n        \"type\": \"bool\",\n        \"value\": false\n      },\n      \"itemQuantity\": {\n        \"type\": \"number\",\n        \"value\": 10\n      },\n      \"attributes\": [\n        {\n          \"object_id\": \"dimensions\",\n          \"name\": \"dimensions\",\n          \"type\": \"vector\"\n        },\n        {\n          \"object_id\": \"sku\",\n          \"name\": \"sku\",\n          \"type\": \"string\"\n        },\n        {\n          \"object_id\": \"manufacturer\",\n          \"name\": \"manufacturer\",\n          \"type\": \"string\"\n        },\n        {\n          \"object_id\": \"manufDate\",\n          \"name\": \"manufDate\",\n          \"type\": \"Date\"\n        },\n        {\n          \"object_id\": \"content\",\n          \"name\": \"content\",\n          \"type\": \"string\"\n        },\n        {\n          \"object_id\": \"mass\",\n          \"name\": \"mass\",\n          \"type\": \"number\"\n        },\n        {\n          \"object_id\": \"price\",\n          \"name\": \"price\",\n          \"type\": \"number\"\n        },\n        {\n          \"object_id\": \"fragile\",\n          \"name\": \"fragile\",\n          \"type\": \"bool\"\n        },\n        {\n          \"object_id\": \"itemQuantity\",\n          \"name\": \"itemQuantity\",\n          \"type\": \"number\"\n        }\n      ],\n      \"static_attributes\": []\n    }\n  ]\n}","contentType":"application/json"},"name":"Insert parcel","method":"POST","params":[],"headers":[{"key":"Fiware-service","value":"openiot","active":true},{"key":"Fiware-servicepath","value":"/","active":true},{"key":"Cache-Control","value":"no-cache","active":true},{"key":"Content-Type","value":"application/json","active":true}],"endpoint":"http://155.207.33.189:4041/iot/devices","testScript":"","preRequestScript":""},{"v":"1","auth":{"authType":"none","authActive":true},"body":{"body":null,"contentType":null},"name":"Delete parcel","method":"DELETE","params":[{"key":"type","value":"Parcel","active":true}],"headers":[{"key":"Fiware-service","value":"openiot","active":true},{"key":"Fiware-servicepath","value":"/","active":true},{"key":"Cache-Control","value":"no-cache","active":false},{"key":"Content-Type","value":"application/json","active":false}],"endpoint":"http://155.207.33.189:1026/v2/entities/urn:ngsi-ld:Parcel:3","testScript":"","preRequestScript":""},{"v":"1","auth":{"authType":"none","authActive":true},"body":{"body":"{\n  \"actionType\":\"APPEND\",\n  \"entities\":[\n    {\n      \"id\":\"urn:ngsi-ld:Parcel:2\", \"type\":\"Parcel\",\n      \"refSlot\": {\n        \"type\": \"Relationship\",\n        \"value\": \"urn:ngsi-ld:Slot:1\"\n      }\n    }\n  ]\n}","contentType":"application/json"},"name":"Parcel - Pallet link","method":"POST","params":[],"headers":[{"key":"Fiware-service","value":"openiot","active":true},{"key":"Fiware-servicepath","value":"/","active":true},{"key":"Content-Type","value":"application/json","active":true}],"endpoint":"http://155.207.33.189:1026/v2/op/update","testScript":"","preRequestScript":""},{"v":"1","auth":{"authType":"none","authActive":true},"body":{"body":null,"contentType":null},"name":"Parcels in a pallet","method":"GET","params":[{"key":"type","value":"Parcel","active":true},{"key":"q","value":"refPallet==urn:ngsi-ld:Pallet:1","active":true},{"key":"options","value":"keyValues","active":true}],"headers":[{"key":"Fiware-service","value":"openiot","active":true},{"key":"Fiware-servicepath","value":"/","active":true}],"endpoint":"http://155.207.33.189:1026/v2/entities","testScript":"","preRequestScript":""},{"v":"1","auth":{"authType":"none","authActive":true},"body":{"body":"{\n  \"actionType\":\"APPEND\",\n  \"entities\":[\n    {\n      \"id\":\"urn:ngsi-ld:Parcel:1\", \"type\":\"Parcel\",\n      \"refPallet\": {\n        \"type\": \"Relationship\",\n        \"value\": \"urn:ngsi-ld:Pallet:1\"\n      }\n    }\n  ]\n}","contentType":"application/json"},"name":"Parcel - Slot link","method":"POST","params":[],"headers":[{"key":"Fiware-service","value":"openiot","active":true},{"key":"Fiware-servicepath","value":"/","active":true},{"key":"Content-Type","value":"application/json","active":true}],"endpoint":"http://155.207.33.189:1026/v2/op/update","testScript":"","preRequestScript":""},{"v":"1","auth":{"authType":"none","authActive":true},"body":{"body":null,"contentType":null},"name":"Parcels in a slot","method":"GET","params":[{"key":"type","value":"Parcel","active":true},{"key":"q","value":"refSlot==urn:ngsi-ld:Slot:1","active":true},{"key":"options","value":"keyValues","active":true}],"headers":[{"key":"Fiware-service","value":"openiot","active":true},{"key":"Fiware-servicepath","value":"/","active":true}],"endpoint":"http://155.207.33.189:1026/v2/entities","testScript":"","preRequestScript":""}]}