{"v":1,"name":"Porolog Fiware RobotKPI","folders":[],"requests":[{"v":"1","auth":{"authType":"none","authActive":true},"body":{"body":"{\n    \"devices\": [\n        {\n            \"device_id\": \"RobotKPI2\",\n            \"entity_name\": \"urn:ngsi-ld:RobotKPI:2\",\n            \"entity_type\": \"RobotKPI\",\n            \"transport\": \"MQTT\",\n            \"date\": {\n                \"type\": \"Date\",\n                \"val\": \"14/06/2022\"\n            },\n            \"boxesMoved\":{\n                \"type\": \"number\",\n                \"val\": 1\n            },\n            \"palletesMoved\":{\n                \"type\": \"number\",\n                \"val\": 1\n            },\n            \"distance\":{\n                \"type\": \"number\",\n                \"val\": 1.2\n            },\n            \"attributes\": [\n                {\"object_id\": \"date\", \"name\": \"date\", \"type\": \"Date\"}, \n                {\"object_id\": \"boxesMoved\", \"name\": \"boxesMoved\", \"type\": \"number\"}, \n                {\"object_id\": \"palletesMoved\", \"name\": \"palletesMoved\", \"type\": \"number\"}, \n                {\"object_id\": \"distance\", \"name\": \"distance\", \"type\": \"number\"}\n            ], \n            \"static_attributes\": []\n        }\n    ]\n}","contentType":"application/json"},"name":"Insert RobotKPIs","method":"POST","params":[],"headers":[{"key":"Fiware-service","value":"openiot","active":true},{"key":"Fiware-servicepath","value":"/","active":true},{"key":"Cache-Control","value":"no-cache","active":true},{"key":"Content-Type","value":"application/json","active":true}],"endpoint":"http://155.207.33.189:4041/iot/devices","testScript":"","preRequestScript":""},{"v":"1","auth":{"authType":"none","authActive":true},"body":{"body":null,"contentType":null},"name":"RobotKPIs","method":"GET","params":[{"key":"type","value":"RobotKPI","active":true}],"headers":[{"key":"Fiware-service","value":"openiot","active":true},{"key":"Fiware-servicepath","value":"/","active":true},{"key":"options","value":"keyValues","active":true}],"endpoint":"http://155.207.33.189:1026/v2/entities","testScript":"","preRequestScript":""},{"v":"1","auth":{"authType":"none","authActive":true},"body":{"body":null,"contentType":null},"name":"Delete RobotKPI entity","method":"DELETE","params":[{"key":"type","value":"RobotKPI","active":true}],"headers":[{"key":"Fiware-service","value":"openiot","active":true},{"key":"Fiware-servicepath","value":"/","active":true},{"key":"Cache-Control","value":"no-cache","active":false},{"key":"Content-Type","value":"application/json","active":false}],"endpoint":"http://155.207.33.189:1026/v2/entities/urn:ngsi-ld:RobotKPI:002","testScript":"","preRequestScript":""},{"v":"1","auth":{"authType":"none","authActive":true},"body":{"body":null,"contentType":null},"name":"Delete RobotKPI device","method":"DELETE","params":[],"headers":[{"key":"Fiware-service","value":"openiot","active":true},{"key":"Fiware-servicepath","value":"/","active":true},{"key":"Cache-Control","value":"no-cache","active":false},{"key":"Content-Type","value":"application/json","active":false}],"endpoint":"http://155.207.33.189:4041/iot/devices/RobotKPI001","testScript":"","preRequestScript":""},{"v":"1","auth":{"authType":"none","authActive":true},"body":{"body":null,"contentType":null},"name":"Robot date","method":"GET","params":[{"key":"type","value":"RobotKPI","active":true},{"key":"attrs","value":"date","active":true},{"key":"options","value":"keyValues","active":false}],"headers":[{"key":"Fiware-service","value":"openiot","active":true},{"key":"Fiware-servicepath","value":"/","active":true}],"endpoint":"http://155.207.33.189:1026/v2/entities","testScript":"","preRequestScript":""},{"v":"1","auth":{"authType":"none","authActive":true},"body":{"body":"{\r\n    \"date\": {\r\n        \"type\": \"Date\",\r\n        \"value\": {\r\n            \"val\": \"15/06/2022\"\r\n        } \r\n    }\r\n}","contentType":"application/json"},"name":"Robot date (update)","method":"POST","params":[],"headers":[{"key":"Fiware-service","value":"openiot","active":true},{"key":"Fiware-servicepath","value":"/","active":true},{"key":"options","value":"keyValues","active":true},{"key":"Content-Type","value":"application/json","active":true}],"endpoint":"http://155.207.33.189:1026/v2/entities/urn:ngsi-ld:RobotKPI:001/attrs/","testScript":"","preRequestScript":""},{"v":"1","auth":{"authType":"none","authActive":true},"body":{"body":null,"contentType":null},"name":"Robot boxes moved","method":"GET","params":[{"key":"type","value":"RobotKPI","active":true},{"key":"attrs","value":"boxesMoved","active":true},{"key":"options","value":"keyValues","active":false}],"headers":[{"key":"Fiware-service","value":"openiot","active":true},{"key":"Fiware-servicepath","value":"/","active":true}],"endpoint":"http://155.207.33.189:1026/v2/entities","testScript":"","preRequestScript":""},{"v":"1","auth":{"authType":"none","authActive":true},"body":{"body":"{\r\n    \"boxesMoved\": {\r\n        \"type\": \"number\",\r\n        \"value\": {\r\n            \"val\": 10\r\n        } \r\n    }\r\n}","contentType":"application/json"},"name":"Robot boxes moved (update)","method":"POST","params":[],"headers":[{"key":"Fiware-service","value":"openiot","active":true},{"key":"Fiware-servicepath","value":"/","active":true},{"key":"options","value":"keyValues","active":true},{"key":"Content-Type","value":"application/json","active":true}],"endpoint":"http://155.207.33.189:1026/v2/entities/urn:ngsi-ld:RobotKPI:001/attrs/","testScript":"","preRequestScript":""},{"v":"1","auth":{"authType":"none","authActive":true},"body":{"body":null,"contentType":null},"name":"Robot palletes moved","method":"GET","params":[{"key":"type","value":"RobotKPI","active":true},{"key":"attrs","value":"palletesMoved","active":true},{"key":"options","value":"keyValues","active":false}],"headers":[{"key":"Fiware-service","value":"openiot","active":true},{"key":"Fiware-servicepath","value":"/","active":true}],"endpoint":"http://155.207.33.189:1026/v2/entities","testScript":"","preRequestScript":""},{"v":"1","auth":{"authType":"none","authActive":true},"body":{"body":"{\r\n    \"palletesMoved\": {\r\n        \"type\": \"number\",\r\n        \"value\": {\r\n            \"val\": 3\r\n        } \r\n    }\r\n}","contentType":"application/json"},"name":"Robot boxes moved (update) Copy","method":"POST","params":[],"headers":[{"key":"Fiware-service","value":"openiot","active":true},{"key":"Fiware-servicepath","value":"/","active":true},{"key":"options","value":"keyValues","active":true},{"key":"Content-Type","value":"application/json","active":true}],"endpoint":"http://155.207.33.189:1026/v2/entities/urn:ngsi-ld:RobotKPI:001/attrs/","testScript":"","preRequestScript":""},{"v":"1","auth":{"authType":"none","authActive":true},"body":{"body":null,"contentType":null},"name":"Robot distance","method":"GET","params":[{"key":"type","value":"RobotKPI","active":true},{"key":"attrs","value":"distance","active":true},{"key":"options","value":"keyValues","active":true}],"headers":[{"key":"Fiware-service","value":"openiot","active":true},{"key":"Fiware-servicepath","value":"/","active":true}],"endpoint":"http://155.207.33.189:1026/v2/entities","testScript":"","preRequestScript":""},{"v":"1","auth":{"authType":"none","authActive":true},"body":{"body":"{\r\n    \"distance\": {\r\n        \"type\": \"number\",\r\n        \"value\": {\r\n            \"val\": 12344.67\r\n        } \r\n    }\r\n}","contentType":"application/json"},"name":"Robot boxes moved (update) Copy","method":"POST","params":[],"headers":[{"key":"Fiware-service","value":"openiot","active":true},{"key":"Fiware-servicepath","value":"/","active":true},{"key":"options","value":"keyValues","active":true},{"key":"Content-Type","value":"application/json","active":true}],"endpoint":"http://155.207.33.189:1026/v2/entities/urn:ngsi-ld:RobotKPI:001/attrs/","testScript":"","preRequestScript":""},{"v":"1","auth":{"authType":"none","authActive":true},"body":{"body":"{\n  \"actionType\":\"APPEND\",\n  \"entities\":[\n    {\n      \"id\":\"urn:ngsi-ld:RobotKPI:2\", \"type\":\"RobotKPI\",\n      \"refRobot\": {\n        \"type\": \"Relationship\",\n        \"value\": \"urn:ngsi-ld:Robot:2\"\n      }\n    }\n  ]\n}","contentType":"application/json"},"name":"Robot - KPI","method":"POST","params":[],"headers":[{"key":"Fiware-service","value":"openiot","active":true},{"key":"Fiware-servicepath","value":"/","active":true},{"key":"Content-Type","value":"application/json","active":true}],"endpoint":"http://155.207.33.189:1026/v2/op/update","testScript":"","preRequestScript":""},{"v":"1","auth":{"authType":"none","authActive":true},"body":{"body":null,"contentType":null},"name":"Robot's KPIs by date","method":"GET","params":[{"key":"type","value":"RobotKPI","active":true},{"key":"q","value":"refRobot==urn:ngsi-ld:Robot:100;date.val==15/06/2022","active":true},{"key":"options","value":"keyValues","active":true}],"headers":[{"key":"Fiware-service","value":"openiot","active":true},{"key":"Fiware-servicepath","value":"/","active":true}],"endpoint":"http://155.207.33.189:1026/v2/entities","testScript":"","preRequestScript":""}]}