{"v":1,"name":"Porolog Fiware WarehouseKPIs","folders":[],"requests":[{"v":"1","auth":{"authType":"none","authActive":true},"body":{"body":null,"contentType":null},"name":"WarehouseKPIs","method":"GET","params":[{"key":"type","value":"WarehouseKPI","active":true}],"headers":[{"key":"Fiware-service","value":"openiot","active":true},{"key":"Fiware-servicepath","value":"/","active":true},{"key":"options","value":"keyValues","active":true}],"endpoint":"http://155.207.33.189:1026/v2/entities","testScript":"","preRequestScript":""},{"v":"1","auth":{"authType":"none","authActive":true},"body":{"body":"{\n  \"devices\": [\n    {\n      \"device_id\": \"WarehouseKPI1\",\n      \"entity_name\": \"urn:ngsi-ld:WarehouseKPI:1\",\n      \"entity_type\": \"WarehouseKPI\",\n      \"transport\": \"MQTT\",\n      \"date\": {\n        \"type\": \"Date\",\n        \"val\": \"14/06/2022\"\n      },\n      \"palleteStorageDensity\": {\n        \"type\": \"number\",\n        \"val\": 1\n      },\n      \"distanceXmassMovedByRobots\": {\n        \"type\": \"number\",\n        \"val\": 1\n      },\n      \"distanceXmassMovedByOperators\": {\n        \"type\": \"number\",\n        \"val\": 1\n      },\n      \"palletsMoved\": {\n        \"type\": \"number\",\n        \"val\": 1\n      },\n      \"parcelsMoved\": {\n        \"type\": \"number\",\n        \"val\": 1\n      },\n      \"savedTimeshareForOperator\": {\n        \"type\": \"number\",\n        \"val\": 1\n      },\n      \"attributes\": [\n        {\n          \"object_id\": \"date\",\n          \"name\": \"date\",\n          \"type\": \"Date\"\n        },\n        {\n          \"object_id\": \"palleteStorageDensity\",\n          \"name\": \"palleteStorageDensity\",\n          \"type\": \"number\"\n        },\n        {\n          \"object_id\": \"distanceXmassMovedByRobots\",\n          \"name\": \"distanceXmassMovedByRobots\",\n          \"type\": \"number\"\n        },\n        {\n          \"object_id\": \"distanceXmassMovedByOperators\",\n          \"name\": \"distanceXmassMovedByOperators\",\n          \"type\": \"number\"\n        },\n        {\n          \"object_id\": \"palletsMoved\",\n          \"name\": \"palletsMoved\",\n          \"type\": \"number\"\n        },\n        {\n          \"object_id\": \"parcelsMoved\",\n          \"name\": \"parcelsMoved\",\n          \"type\": \"number\"\n        },\n        {\n          \"object_id\": \"savedTimeshareForOperator\",\n          \"name\": \"savedTimeshareForOperator\",\n          \"type\": \"number\"\n        }\n      ],\n      \"static_attributes\": []\n    }\n  ]\n}","contentType":"application/json"},"name":"Insert WarehouseKPI","method":"POST","params":[],"headers":[{"key":"Fiware-service","value":"openiot","active":true},{"key":"Fiware-servicepath","value":"/","active":true},{"key":"Cache-Control","value":"no-cache","active":true},{"key":"Content-Type","value":"application/json","active":true}],"endpoint":"http://155.207.33.189:4041/iot/devices","testScript":"","preRequestScript":""},{"v":"1","auth":{"authType":"none","authActive":true},"body":{"body":null,"contentType":null},"name":"WarehouseKPIs by date","method":"GET","params":[{"key":"type","value":"WarehouseKPI","active":true},{"key":"q","value":"refWarehouse==urn:ngsi-ld:Warehouse:1;date.val==15/06/2022","active":true},{"key":"options","value":"keyValues","active":true}],"headers":[{"key":"Fiware-service","value":"openiot","active":true},{"key":"Fiware-servicepath","value":"/","active":true}],"endpoint":"http://155.207.33.189:1026/v2/entities","testScript":"","preRequestScript":""},{"v":"1","auth":{"authType":"none","authActive":true},"body":{"body":null,"contentType":null},"name":"Delete WarehouseKPI","method":"DELETE","params":[{"key":"type","value":"WarehouseKPI","active":true}],"headers":[{"key":"Fiware-service","value":"openiot","active":true},{"key":"Fiware-servicepath","value":"/","active":true},{"key":"Cache-Control","value":"no-cache","active":false},{"key":"Content-Type","value":"application/json","active":false}],"endpoint":"http://155.207.33.189:1026/v2/entities/urn:ngsi-ld:WarehouseKPI:34","testScript":"","preRequestScript":""},{"v":"1","auth":{"authType":"none","authActive":true},"body":{"body":"{\n  \"actionType\":\"APPEND\",\n  \"entities\":[\n    {\n      \"id\":\"urn:ngsi-ld:WarehouseKPI:1\", \"type\":\"WarehouseKPI\",\n      \"refWarehouse\": {\n        \"type\": \"Relationship\",\n        \"value\": \"urn:ngsi-ld:Warehouse:1\"\n      }\n    }\n  ]\n}","contentType":"application/json"},"name":"WarehouseKPI - Warehouse link","method":"POST","params":[],"headers":[{"key":"Fiware-service","value":"openiot","active":true},{"key":"Fiware-servicepath","value":"/","active":true},{"key":"Content-Type","value":"application/json","active":true}],"endpoint":"http://155.207.33.189:1026/v2/op/update","testScript":"","preRequestScript":""},{"v":"1","auth":{"authType":"none","authActive":true},"body":{"body":null,"contentType":null},"name":"WarehouseKPIs by warehouse","method":"GET","params":[{"key":"type","value":"WarehouseKPI","active":true},{"key":"q","value":"refWarehouse==urn:ngsi-ld:Warehouse:1","active":true},{"key":"options","value":"keyValues","active":true}],"headers":[{"key":"Fiware-service","value":"openiot","active":true},{"key":"Fiware-servicepath","value":"/","active":true}],"endpoint":"http://155.207.33.189:1026/v2/entities","testScript":"","preRequestScript":""}]}