{"v":1,"name":"Porolog Fiware Slots","folders":[],"requests":[{"v":"1","auth":{"authType":"none","authActive":true},"body":{"body":null,"contentType":null},"name":"List slots","method":"GET","params":[{"key":"type","value":"Slot","active":true}],"headers":[{"key":"Fiware-service","value":"openiot","active":true},{"key":"Fiware-servicepath","value":"/","active":true},{"key":"options","value":"keyValues","active":true}],"endpoint":"http://155.207.33.189:1026/v2/entities","testScript":"","preRequestScript":""},{"v":"1","auth":{"authType":"none","authActive":true},"body":{"body":"{\n  \"devices\": [\n    {\n      \"device_id\": \"Slot2\",\n      \"entity_name\": \"urn:ngsi-ld:Slot:2\",\n      \"entity_type\": \"Slot\",\n      \"transport\": \"MQTT\",\n      \"width\": {\n        \"type\": \"number\",\n        \"value\": 2.5\n      },\n      \"originx\": {\n        \"type\": \"number\",\n        \"value\": 0.2\n      },\n      \"attributes\": [\n        {\n          \"object_id\": \"width\",\n          \"name\": \"width\",\n          \"type\": \"number\"\n        },\n        {\n          \"object_id\": \"originx\",\n          \"name\": \"originx\",\n          \"type\": \"number\"\n        }\n      ],\n      \"static_attributes\": []\n    }\n  ]\n}","contentType":"application/json"},"name":"Insert slot","method":"POST","params":[],"headers":[{"key":"Fiware-service","value":"openiot","active":true},{"key":"Fiware-servicepath","value":"/","active":true},{"key":"Cache-Control","value":"no-cache","active":true},{"key":"Content-Type","value":"application/json","active":true}],"endpoint":"http://155.207.33.189:4041/iot/devices","testScript":"","preRequestScript":""},{"v":"1","auth":{"authType":"none","authActive":true},"body":{"body":null,"contentType":null},"name":"Delete slot","method":"DELETE","params":[{"key":"type","value":"Slot","active":true}],"headers":[{"key":"Fiware-service","value":"openiot","active":true},{"key":"Fiware-servicepath","value":"/","active":true},{"key":"Cache-Control","value":"no-cache","active":false},{"key":"Content-Type","value":"application/json","active":false}],"endpoint":"http://155.207.33.189:1026/v2/entities/urn:ngsi-ld:Slot:3","testScript":"","preRequestScript":""},{"v":"1","auth":{"authType":"none","authActive":true},"body":{"body":"{\n  \"actionType\":\"APPEND\",\n  \"entities\":[\n    {\n      \"id\":\"urn:ngsi-ld:Slot:2\", \"type\":\"Slot\",\n      \"refShelf\": {\n        \"type\": \"Relationship\",\n        \"value\": \"urn:ngsi-ld:Shelf:2\"\n      }\n    }\n  ]\n}","contentType":"application/json"},"name":"Slot - Shelf link","method":"POST","params":[],"headers":[{"key":"Fiware-service","value":"openiot","active":true},{"key":"Fiware-servicepath","value":"/","active":true},{"key":"Content-Type","value":"application/json","active":true}],"endpoint":"http://155.207.33.189:1026/v2/op/update","testScript":"","preRequestScript":""},{"v":"1","auth":{"authType":"none","authActive":true},"body":{"body":null,"contentType":null},"name":"Slots on a shelf","method":"GET","params":[{"key":"type","value":"Slot","active":true},{"key":"q","value":"refShelf==urn:ngsi-ld:Shelf:2","active":true},{"key":"options","value":"keyValues","active":true}],"headers":[{"key":"Fiware-service","value":"openiot","active":true},{"key":"Fiware-servicepath","value":"/","active":true}],"endpoint":"http://155.207.33.189:1026/v2/entities","testScript":"","preRequestScript":""}]}