{"v":1,"name":"Porolog Fiware Room","folders":[],"requests":[{"v":"1","auth":{"authType":"none","authActive":true},"body":{"body":"{\n    \"id\": \"urn:ngsi-ld:Room:2\",\n    \"type\": \"Room\",\n    \"floor\": {\n        \"type\": \"number\",\n        \"value\": 0\n    },\n    \"blueprint\": {\n        \"type\": \"string\",\n        \"value\": \"\"\n    },\n    \"dimensions\": {\n        \"type\": \"vector\",\n        \"value\": {\n            \"width\": 12, \n            \"height\": 10.2, \n            \"z\": 4.5 ,\n            \"resolution\": 0.2 \n        }\n    },\n    \"annotations\": {\n        \"type\": \"list\",\n        \"value\": [] \n    },\n    \"groundType\": {\n        \"type\": \"string\",\n        \"value\": \"\"\n    },\n    \"origin\": {\n        \"type\": \"vector\",\n        \"value\": {\n            \"x\": 3, \n            \"y\": 14 \n        }\n    }\n}","contentType":"application/json"},"name":"Create Room","method":"POST","params":[],"headers":[{"key":"Fiware-service","value":"openiot","active":true},{"key":"Fiware-servicepath","value":"/","active":true},{"key":"Content-Type","value":"application/json","active":true}],"endpoint":"http://155.207.33.189:1026/v2/entities","testScript":"","preRequestScript":""},{"v":"1","auth":{"authType":"none","authActive":true},"body":{"body":"{\n    \"id\": \"urn:ngsi-ld:Product:001\",\n    \"type\": \"Product\",\n    \"case\": {\n        \"type\": \"enum\",\n        \"value\": {\n            \"val\": \"BOX|PALETTE\"\n        }\n    },\n    \"pose\": {\n        \"type\": \"array\",\n        \"value\": {\n            \"x\": 0,\n            \"y\": 0\n        }\n    },\n    \"barcode\": {\n        \"type\": \"string\",\n        \"value\": {\n            \"val\": \"xxx\"\n        }\n    }\n}","contentType":"application/json"},"name":"List Rooms","method":"GET","params":[{"key":"type","value":"Room","active":true}],"headers":[{"key":"Fiware-service","value":"openiot","active":true},{"key":"Fiware-servicepath","value":"/","active":true}],"endpoint":"http://155.207.33.189:1026/v2/entities","testScript":"","preRequestScript":""},{"v":"1","auth":{"authType":"none","authActive":true},"body":{"body":null,"contentType":null},"name":"Delete Room","method":"DELETE","params":[{"key":"type","value":"WarehouseFloors","active":true}],"headers":[{"key":"Fiware-service","value":"openiot","active":true},{"key":"Fiware-servicepath","value":"/","active":true}],"endpoint":"http://155.207.33.189:1026/v2/entities/urn:ngsi-ld:WarehouseFloors:001","testScript":"","preRequestScript":""},{"v":"1","auth":{"authType":"none","authActive":true},"body":{"body":null,"contentType":null},"name":"Product annotations","method":"GET","params":[{"key":"attrs","value":"annotations","active":true},{"key":"type","value":"WarehouseFloors","active":true},{"key":"options","value":"keyValues","active":false}],"headers":[{"key":"Fiware-service","value":"openiot","active":true},{"key":"Fiware-servicepath","value":"/","active":true}],"endpoint":"http://155.207.33.189:1026/v2/entities/urn:ngsi-ld:WarehouseFloors:001/attrs","testScript":"","preRequestScript":""},{"v":"1","auth":{"authType":"none","authActive":true},"body":{"body":"{\n    \"annotations\": {\n        \"type\": \"list\",\n        \"value\": [\n            [0, 0, \"label-0\"],\n            [1, 1, \"label-1\"],\n            [2, 2, \"label-2\"],\n            [3, 3, \"label-3\"],\n            [4, 4, \"label-4\"]\n        ]\n    }\n}","contentType":"application/json"},"name":"Product pose (update) Copy","method":"POST","params":[],"headers":[{"key":"Fiware-service","value":"openiot","active":true},{"key":"Fiware-servicepath","value":"/","active":true},{"key":"Content-Type","value":"application/json","active":true}],"endpoint":"http://155.207.33.189:1026/v2/entities/urn:ngsi-ld:WarehouseFloors:001/attrs","testScript":"","preRequestScript":""},{"v":"1","auth":{"authType":"none","authActive":true},"body":{"body":"{\n  \"actionType\":\"APPEND\",\n  \"entities\":[\n    {\n      \"id\":\"urn:ngsi-ld:Room:2\", \"type\":\"Room\",\n      \"refWarehouse\": {\n        \"type\": \"Relationship\",\n        \"value\": \"urn:ngsi-ld:Warehouse:1\"\n      }\n    }\n  ]\n}","contentType":"application/json"},"name":"Warehouse - Room","method":"POST","params":[],"headers":[{"key":"Fiware-service","value":"openiot","active":true},{"key":"Fiware-servicepath","value":"/","active":true},{"key":"Content-Type","value":"application/json","active":true}],"endpoint":"http://155.207.33.189:1026/v2/op/update","testScript":"","preRequestScript":""},{"v":"1","auth":{"authType":"none","authActive":true},"body":{"body":null,"contentType":null},"name":"Rooms of Warehouse","method":"GET","params":[{"key":"type","value":"Room","active":true},{"key":"q","value":"refWarehouse==urn:ngsi-ld:Warehouse:1","active":true},{"key":"options","value":"keyValues","active":true}],"headers":[{"key":"Fiware-service","value":"openiot","active":true},{"key":"Fiware-servicepath","value":"/","active":true}],"endpoint":"http://155.207.33.189:1026/v2/entities","testScript":"","preRequestScript":""}]}